{
  "basic": {
    "num_nodes": 67,
    "num_edges": 93,
    "is_dag": true,
    "directed": true
  },
  "components": {
    "count": 1,
    "largest_size": 67
  },
  "degree": {
    "in": {
      "min": 0,
      "max": 4,
      "mean": 1.3880597014925373,
      "median": 1.0,
      "stdev": 0.9135011192895138
    },
    "out": {
      "min": 0,
      "max": 7,
      "mean": 1.3880597014925373,
      "median": 1.0,
      "stdev": 1.5736185496235464
    }
  },
  "longest_path": {
    "length": 12,
    "example": [
      "saveUsingPOST",
      "findByIdUsingGET",
      "findAllByEmployeeIdAndManagerIdUsingGET",
      "updateUsingPUT",
      "findByEmployeeIdAndProjectIdAndCommitDateUsingGET",
      "saveUsingPOST_1",
      "saveUsingPOST_6",
      "findByUsernameUsingGET_1",
      "saveUsingPOST_7",
      "updateUsingPUT_1",
      "updateUsingPUT_11",
      "updateUsingPUT_10",
      "deleteByIdUsingDELETE_11"
    ]
  },
  "_timings": {
    "longest_path_sec": 0.0003077983856201172,
    "betweenness_sec": 0.0010602474212646484,
    "degree_centrality_sec": 2.7894973754882812e-05,
    "pickle_serialize_sec": 7.319450378417969e-05,
    "total_sec": 0.0020711421966552734
  },
  "centrality": {
    "betweenness_top": [
      [
        "updateUsingPUT_6",
        0.049533799533799536
      ],
      [
        "saveUsingPOST_1",
        0.04568764568764569
      ],
      [
        "findByEmployeeIdAndProjectIdAndCommitDateUsingGET",
        0.04055944055944056
      ],
      [
        "updateUsingPUT_1",
        0.0399067599067599
      ],
      [
        "updateUsingPUT_7",
        0.03787878787878788
      ],
      [
        "updateUsingPUT",
        0.03496503496503497
      ],
      [
        "saveUsingPOST_7",
        0.03221445221445221
      ],
      [
        "updateUsingPUT_10",
        0.03041958041958042
      ],
      [
        "saveUsingPOST_6",
        0.028904428904428903
      ],
      [
        "saveUsingPOST_5",
        0.027972027972027972
      ]
    ],
    "degree_top": [
      [
        "updateUsingPUT_6",
        0.15151515151515152
      ],
      [
        "updateUsingPUT_10",
        0.13636363636363635
      ],
      [
        "saveUsingPOST_6",
        0.10606060606060606
      ],
      [
        "updateUsingPUT_5",
        0.09090909090909091
      ],
      [
        "authenticateUsingPOST_1",
        0.07575757575757576
      ],
      [
        "updateUsingPUT_2",
        0.07575757575757576
      ],
      [
        "findByUsernameUsingGET",
        0.07575757575757576
      ],
      [
        "saveUsingPOST_7",
        0.07575757575757576
      ],
      [
        "updateUsingPUT",
        0.06060606060606061
      ],
      [
        "updateUsingPUT_1",
        0.06060606060606061
      ]
    ]
  },
  "detailed_size_in_memory": {
    "nodes": {
      "count": 67,
      "total_bytes": 10295,
      "avg_bytes_per_node": 153,
      "avg_node_id_bytes": 89,
      "avg_fields_per_node": 0.0
    },
    "edges": {
      "count": 93,
      "total_bytes": 22014,
      "avg_bytes_per_edge": 236,
      "avg_fields_per_edge": 0.0
    },
    "overhead": {
      "per_node_bytes": 96,
      "per_edge_bytes": 40,
      "total_overhead_bytes": 10152
    },
    "total_estimated_bytes": 42461,
    "human_readable": "41.47KB"
  },
  "serialization": {
    "pickle_bytes": 3838
  },
  "extras": {
    "density": 0.02103120759837178
  }
}